"URL","Primary keyword","Topic cluster","Title","Description","Body words","Related URLs"
"/blog/youtube-to-mp3-guide/","youtube to mp3 guide","Getting started","YouTube to MP3: a practical guide to better audio","Learn how YouTube to MP3 conversion works, choose useful audio settings, and check your saved file before taking it offline.","521","/blog/choose-audio-quality/ | /blog/youtube-to-mp3-download/ | /blog/mp3-or-mp4/"
"/blog/choose-youtube-to-mp3-converter/","youtube to mp3 converter","Getting started","How to choose a YouTube to MP3 converter","Compare YouTube to MP3 converters by output quality, limits, download behavior, and practical checks instead of unsupported promises.","501","/blog/youtube-to-mp3-guide/ | /blog/youtube-to-mp3-no-install/ | /blog/youtube-to-mp3-not-working/"
"/blog/convert-youtube-to-mp3/","convert youtube to mp3","Getting started","How to convert YouTube to MP3 with Wavely","Follow Wavely’s actual conversion steps, from copying an individual video link to previewing, saving, and checking your finished MP3.","498","/blog/youtube-to-mp3-link-formats/ | /blog/youtube-to-mp3-download/ | /blog/youtube-to-mp3-not-working/"
"/blog/youtube-to-mp3-download/","youtube to mp3 download","Downloads & devices","YouTube to MP3 download: save and verify your file","Understand the difference between converting, previewing, and downloading an MP3, then verify that your file is saved and ready to play.","506","/blog/youtube-to-mp3-iphone/ | /blog/youtube-to-mp3-android/ | /blog/expired-mp3-download/"
"/blog/youtube-to-mp3-player/","youtube to mp3 player","Listening & organization","YouTube to MP3 player: preview, save, and listen","Learn what an MP3 player does, how Wavely’s preview differs from a saved file, and how to check playback on your listening device.","502","/blog/mp3-file-wont-play/ | /blog/mp3-player-transfer/ | /blog/offline-listening/"
"/blog/youtube-video-to-mp3/","youtube video to mp3","Getting started","YouTube video to MP3: when audio alone works","Decide whether a video will work as audio, identify visual information you would lose, and prepare a useful MP3 listening copy.","507","/blog/mp3-or-mp4/ | /blog/lecture-audio-notes/ | /blog/youtube-to-mp3-guide/"
"/blog/choose-audio-quality/","youtube to mp3 quality","Audio quality","YouTube to MP3 quality: 128, 192, 256, or 320 kbps?","Compare MP3 bitrate settings with practical file-size examples and a listening test that helps you choose quality without wasting storage.","481","/blog/youtube-to-mp3-320kbps/ | /blog/mp3-file-size/ | /blog/mp3-source-quality/"
"/blog/youtube-to-mp3-320kbps/","youtube to mp3 320kbps","Audio quality","YouTube to MP3 at 320 kbps: what you actually get","Understand what a 320 kbps MP3 setting means, its storage cost, and why it cannot restore detail missing from the original recording.","472","/blog/choose-audio-quality/ | /blog/mp3-source-quality/ | /blog/reduce-mp3-file-size/"
"/blog/mp3-file-size/","youtube to mp3 file size","Audio quality","MP3 file size: calculate storage before downloading","Estimate MP3 file sizes from duration and bitrate, compare common settings, and plan storage for a single recording or a listening library.","482","/blog/reduce-mp3-file-size/ | /blog/choose-audio-quality/ | /blog/long-youtube-videos-to-mp3/"
"/blog/mp3-source-quality/","youtube to mp3 original quality","Audio quality","Why an MP3 cannot sound better than its source","Identify recording problems, compression artifacts, and misleading quality labels before changing your MP3 conversion settings.","503","/blog/youtube-to-mp3-320kbps/ | /blog/mp3-vs-wav/ | /blog/mp3-no-sound/"
"/blog/mp3-or-mp4/","youtube to mp3 vs mp4","Audio quality","MP3 or MP4: which download format do you need?","Choose MP3 for an audio listening copy or MP4 when visuals matter, and understand why renaming a file does not change its format.","505","/blog/youtube-video-to-mp3/ | /blog/mp3-vs-wav/ | /blog/mp3-file-size/"
"/blog/mp3-vs-wav/","youtube to mp3 vs wav","Audio quality","MP3 vs WAV for a listening copy or audio master","Understand when MP3 is useful for listening, when WAV belongs in an editing workflow, and why a larger file does not restore lost detail.","508","/blog/mp3-source-quality/ | /blog/choose-audio-quality/ | /blog/mp3-or-mp4/"
"/blog/youtube-to-mp3-iphone/","youtube to mp3 iphone","Downloads & devices","YouTube to MP3 on iPhone: save it where you can find it","Convert an authorized video in your iPhone browser, find the MP3 in Files, and confirm the recording is available for offline playback.","481","/blog/youtube-to-mp3-download/ | /blog/offline-listening/ | /blog/expired-mp3-download/"
"/blog/youtube-to-mp3-android/","youtube to mp3 android","Downloads & devices","YouTube to MP3 on Android: download and find your audio","Use a browser to create an MP3 on Android, check download progress, locate the saved file, and avoid confusing a preview with offline audio.","477","/blog/mp3-download-interrupted/ | /blog/mp3-file-size/ | /blog/youtube-to-mp3-player/"
"/blog/youtube-to-mp3-windows/","youtube to mp3 windows","Downloads & devices","YouTube to MP3 on Windows: a clean download workflow","Convert an authorized recording in a Windows browser, locate the downloaded MP3, verify playback, and organize it without duplicate files.","483","/blog/youtube-to-mp3-download/ | /blog/organize-mp3-library/ | /blog/mp3-player-transfer/"
"/blog/youtube-to-mp3-mac/","youtube to mp3 mac","Downloads & devices","YouTube to MP3 on Mac: save, inspect, and organize","Create an MP3 in your Mac browser, check the saved file in Finder, and build a reliable workflow for playback and future organization.","491","/blog/organize-mp3-library/ | /blog/mp3-file-wont-play/ | /blog/mp3-vs-wav/"
"/blog/youtube-to-mp3-no-install/","youtube to mp3 no install","Getting started","YouTube to MP3 without installing software","Understand how browser-based MP3 conversion works, what still happens on a server, and how to save a usable file without an extension.","494","/blog/choose-youtube-to-mp3-converter/ | /blog/convert-youtube-to-mp3/ | /blog/youtube-to-mp3-download/"
"/blog/youtube-to-mp3-link-formats/","youtube to mp3 link","Getting started","Which YouTube links work for MP3 conversion?","Check individual video links, distinguish them from playlists and channel pages, and fix common URL mistakes before starting a conversion.","517","/blog/youtube-to-mp3-not-working/ | /blog/youtube-to-mp3-playlists/ | /blog/convert-youtube-to-mp3/"
"/blog/youtube-to-mp3-not-working/","youtube to mp3 not working","Troubleshooting","YouTube to MP3 not working? Check the failing step","Troubleshoot rejected links, stalled conversions, failed downloads, and playback errors by identifying which step actually needs attention.","497","/blog/youtube-to-mp3-link-formats/ | /blog/mp3-download-interrupted/ | /blog/mp3-file-wont-play/"
"/blog/mp3-file-wont-play/","youtube to mp3 file not playing","Troubleshooting","Downloaded MP3 will not play: a step-by-step check","Find out whether an unplayable MP3 is incomplete, opened in the wrong app, or affected by a device issue before converting it again.","507","/blog/mp3-no-sound/ | /blog/mp3-download-interrupted/ | /blog/mp3-player-transfer/"
"/blog/mp3-no-sound/","youtube to mp3 no sound","Troubleshooting","MP3 has no sound? Separate file and device problems","Check mute controls, output devices, source audio, and file completeness when your converted MP3 appears to play but you hear nothing.","486","/blog/mp3-file-wont-play/ | /blog/mp3-source-quality/ | /blog/youtube-to-mp3-not-working/"
"/blog/mp3-download-interrupted/","youtube to mp3 download failed","Troubleshooting","MP3 download interrupted: recover without duplicate jobs","Recover from an interrupted MP3 transfer by checking browser status, storage, and link expiry before repeating the entire conversion.","509","/blog/expired-mp3-download/ | /blog/youtube-to-mp3-download/ | /blog/mp3-file-wont-play/"
"/blog/expired-mp3-download/","youtube to mp3 download expired","Troubleshooting","Why your MP3 download link expired—and what to do","Understand temporary MP3 download links, recover an expired result, and keep a local copy that remains usable after server cleanup.","497","/blog/mp3-download-interrupted/ | /blog/offline-listening/ | /blog/organize-mp3-library/"
"/blog/long-youtube-videos-to-mp3/","long youtube videos to mp3","Troubleshooting","Long YouTube videos to MP3: limits, time, and storage","Plan a long audio conversion by checking server limits, estimating file size, and verifying the recording before relying on it offline.","508","/blog/mp3-file-size/ | /blog/youtube-to-mp3-not-working/ | /blog/offline-listening/"
"/blog/offline-listening/","download youtube to mp3 offline","Listening & organization","Download YouTube to MP3 for reliable offline listening","Prepare authorized audio for offline listening with a practical checklist for saving files, choosing storage, and testing your player before travel.","493","/blog/youtube-to-mp3-player/ | /blog/youtube-to-mp3-download/ | /blog/organize-mp3-library/"
"/blog/youtube-to-mp3-playlists/","youtube to mp3 playlist","Getting started","YouTube to MP3 playlists: what Wavely supports","Understand why Wavely handles individual videos instead of playlists, and organize an authorized audio collection with clear ordering and checks.","495","/blog/youtube-to-mp3-link-formats/ | /blog/organize-mp3-library/ | /blog/offline-listening/"
"/blog/mp3-player-transfer/","youtube to mp3 downloader for mp3 player","Listening & organization","Move a downloaded MP3 to an MP3 player","Transfer a verified MP3 to a separate music player, test compatibility with one file, and check ordering before copying an entire collection.","487","/blog/youtube-to-mp3-player/ | /blog/mp3-file-wont-play/ | /blog/organize-mp3-library/"
"/blog/organize-mp3-library/","organize youtube to mp3 downloads","Listening & organization","Organize MP3 downloads so you can find them later","Use practical folders, filenames, verification steps, and backups to keep MP3 recordings understandable without creating a complicated library.","492","/blog/offline-listening/ | /blog/mp3-player-transfer/ | /blog/youtube-to-mp3-download/"
"/blog/lecture-audio-notes/","youtube to mp3 lectures","Listening & organization","Turn an authorized lecture recording into useful audio notes","Decide whether a lecture works as audio, create a checked listening copy, and add timestamps and context that make later review more useful.","507","/blog/youtube-video-to-mp3/ | /blog/long-youtube-videos-to-mp3/ | /blog/offline-listening/"
"/blog/reduce-mp3-file-size/","youtube to mp3 smaller file size","Audio quality","Reduce MP3 file size without guessing at quality","Compare bitrate settings, estimate storage savings, and reduce MP3 file size with a controlled listening test instead of repeated re-encoding.","479","/blog/mp3-file-size/ | /blog/choose-audio-quality/ | /blog/mp3-source-quality/"
